mean,std
"[-0.15726851851851853, 2.700706769337857]","[0.44710537341307166, 264.2927604913939]"
